-- Stark Works: デモ用シードデータ
-- 実行前に organizations と auth.users を手動で作成してください

-- デモ組織
INSERT INTO organizations (id, name) VALUES
  ('11111111-1111-1111-1111-111111111111', 'スターク設備工業株式会社')
ON CONFLICT DO NOTHING;

-- デモ作業員
INSERT INTO workers (id, organization_id, full_name, phone, email, position) VALUES
  ('22222222-2222-2222-2222-222222222201', '11111111-1111-1111-1111-111111111111', '山田 太郎', '090-1234-5678', 'yamada@stark-field.demo', '現場責任者'),
  ('22222222-2222-2222-2222-222222222202', '11111111-1111-1111-1111-111111111111', '佐藤 花子', '090-2345-6789', 'sato@stark-field.demo', '配管工'),
  ('22222222-2222-2222-2222-222222222203', '11111111-1111-1111-1111-111111111111', '鈴木 一郎', '090-3456-7890', 'suzuki@stark-field.demo', '電気工')
ON CONFLICT DO NOTHING;

-- デモ現場
INSERT INTO sites (id, organization_id, name, customer_name, address, phone, start_date, expected_end_date, manager_id, status) VALUES
  ('33333333-3333-3333-3333-333333333301', '11111111-1111-1111-1111-111111111111', '田中邸 給排水工事', '田中 一郎', '東京都渋谷区神宮前1-1-1', '03-1234-5678', '2026-06-01', '2026-06-30', '22222222-2222-2222-2222-222222222201', 'in_progress'),
  ('33333333-3333-3333-3333-333333333302', '11111111-1111-1111-1111-111111111111', '佐藤マンション 空調設備', '佐藤不動産', '東京都新宿区西新宿2-2-2', '03-2345-6789', '2026-06-10', '2026-07-15', '22222222-2222-2222-2222-222222222201', 'not_started'),
  ('33333333-3333-3333-3333-333333333303', '11111111-1111-1111-1111-111111111111', '鈴木ビル 電気工事', '鈴木商事', '東京都港区六本木3-3-3', '03-3456-7890', '2026-05-01', '2026-05-31', '22222222-2222-2222-2222-222222222203', 'completed')
ON CONFLICT DO NOTHING;

-- 担当割当
INSERT INTO site_assignments (site_id, worker_id, organization_id) VALUES
  ('33333333-3333-3333-3333-333333333301', '22222222-2222-2222-2222-222222222201', '11111111-1111-1111-1111-111111111111'),
  ('33333333-3333-3333-3333-333333333301', '22222222-2222-2222-2222-222222222202', '11111111-1111-1111-1111-111111111111'),
  ('33333333-3333-3333-3333-333333333302', '22222222-2222-2222-2222-222222222201', '11111111-1111-1111-1111-111111111111'),
  ('33333333-3333-3333-3333-333333333303', '22222222-2222-2222-2222-222222222203', '11111111-1111-1111-1111-111111111111')
ON CONFLICT DO NOTHING;

-- 作業チェックリスト（田中邸）
INSERT INTO tasks (site_id, organization_id, title, sort_order, is_completed, completed_by, completed_at) VALUES
  ('33333333-3333-3333-3333-333333333301', '11111111-1111-1111-1111-111111111111', '給水工事', 1, TRUE, '22222222-2222-2222-2222-222222222202', '2026-06-03 10:30:00+09'),
  ('33333333-3333-3333-3333-333333333301', '11111111-1111-1111-1111-111111111111', '排水工事', 2, TRUE, '22222222-2222-2222-2222-222222222202', '2026-06-04 14:00:00+09'),
  ('33333333-3333-3333-3333-333333333301', '11111111-1111-1111-1111-111111111111', 'トイレ設置', 3, TRUE, '22222222-2222-2222-2222-222222222202', '2026-06-05 11:00:00+09'),
  ('33333333-3333-3333-3333-333333333301', '11111111-1111-1111-1111-111111111111', '洗面台設置', 4, FALSE, NULL, NULL),
  ('33333333-3333-3333-3333-333333333301', '11111111-1111-1111-1111-111111111111', '配管確認', 5, FALSE, NULL, NULL),
  ('33333333-3333-3333-3333-333333333301', '11111111-1111-1111-1111-111111111111', '写真提出', 6, FALSE, NULL, NULL),
  ('33333333-3333-3333-3333-333333333301', '11111111-1111-1111-1111-111111111111', '完了確認', 7, FALSE, NULL, NULL)
ON CONFLICT DO NOTHING;

-- スケジュール
INSERT INTO schedules (organization_id, site_id, worker_id, title, start_time, end_time) VALUES
  ('11111111-1111-1111-1111-111111111111', '33333333-3333-3333-3333-333333333301', '22222222-2222-2222-2222-222222222202', '洗面台設置作業', '2026-06-08 09:00:00+09', '2026-06-08 12:00:00+09'),
  ('11111111-1111-1111-1111-111111111111', '33333333-3333-3333-3333-333333333301', '22222222-2222-2222-2222-222222222201', '現場確認', '2026-06-08 13:00:00+09', '2026-06-08 14:00:00+09'),
  ('11111111-1111-1111-1111-111111111111', '33333333-3333-3333-3333-333333333302', '22222222-2222-2222-2222-222222222201', '現場調査', '2026-06-10 10:00:00+09', '2026-06-10 15:00:00+09')
ON CONFLICT DO NOTHING;
