-- Stark Works: 商談デモ用シードデータ（滋賀県・建設会社向け）
-- 001〜004 のマイグレーション実行後に実行
-- 再実行可能（DELETE でリセット）

DELETE FROM task_logs WHERE organization_id = '11111111-1111-1111-1111-111111111111';
DELETE FROM tasks WHERE organization_id = '11111111-1111-1111-1111-111111111111';
DELETE FROM schedules WHERE organization_id = '11111111-1111-1111-1111-111111111111';
DELETE FROM photos WHERE organization_id = '11111111-1111-1111-1111-111111111111';
DELETE FROM site_assignments WHERE organization_id = '11111111-1111-1111-1111-111111111111';
DELETE FROM sites WHERE organization_id = '11111111-1111-1111-1111-111111111111';
DELETE FROM workers WHERE organization_id = '11111111-1111-1111-1111-111111111111';

INSERT INTO organizations (id, name) VALUES
  ('11111111-1111-1111-1111-111111111111', '滋賀設備工業株式会社')
ON CONFLICT (id) DO UPDATE SET name = EXCLUDED.name;

-- 作業員（3名）
INSERT INTO workers (id, organization_id, full_name, phone, email, position) VALUES
  ('22222222-2222-2222-2222-222222222201', '11111111-1111-1111-1111-111111111111', '山本 真樹', '090-1111-2222', 'yamamoto@shiga-demo.jp', '現場責任者'),
  ('22222222-2222-2222-2222-222222222202', '11111111-1111-1111-1111-111111111111', '田中 一郎', '090-3333-4444', 'tanaka@shiga-demo.jp', '配管工'),
  ('22222222-2222-2222-2222-222222222203', '11111111-1111-1111-1111-111111111111', '鈴木 太郎', '090-5555-6666', 'suzuki@shiga-demo.jp', '設備工');

-- 現場（3件・進捗 80% / 55% / 20%）
INSERT INTO sites (id, organization_id, name, customer_name, address, phone, start_date, expected_end_date, manager_id, status) VALUES
  ('33333333-3333-3333-3333-333333333301', '11111111-1111-1111-1111-111111111111', '草津市 A様邸 新築工事', 'A様', '滋賀県草津市新浜町1-1-1', '077-123-4567', CURRENT_DATE - 14, CURRENT_DATE + 16, '22222222-2222-2222-2222-222222222201', 'in_progress'),
  ('33333333-3333-3333-3333-333333333302', '11111111-1111-1111-1111-111111111111', '大津市 ○○マンション改修', '○○不動産', '滋賀県大津市中央2-2-2', '077-234-5678', CURRENT_DATE - 10, CURRENT_DATE + 20, '22222222-2222-2222-2222-222222222201', 'in_progress'),
  ('33333333-3333-3333-3333-333333333303', '11111111-1111-1111-1111-111111111111', '守山市 △△店舗改装', '△△商事', '滋賀県守山市守山3-3-3', '077-345-6789', CURRENT_DATE - 5, CURRENT_DATE + 25, '22222222-2222-2222-2222-222222222202', 'in_progress');

INSERT INTO site_assignments (site_id, worker_id, organization_id) VALUES
  ('33333333-3333-3333-3333-333333333301', '22222222-2222-2222-2222-222222222201', '11111111-1111-1111-1111-111111111111'),
  ('33333333-3333-3333-3333-333333333301', '22222222-2222-2222-2222-222222222202', '11111111-1111-1111-1111-111111111111'),
  ('33333333-3333-3333-3333-333333333302', '22222222-2222-2222-2222-222222222202', '11111111-1111-1111-1111-111111111111'),
  ('33333333-3333-3333-3333-333333333302', '22222222-2222-2222-2222-222222222203', '11111111-1111-1111-1111-111111111111'),
  ('33333333-3333-3333-3333-333333333303', '22222222-2222-2222-2222-222222222203', '11111111-1111-1111-1111-111111111111'),
  ('33333333-3333-3333-3333-333333333303', '22222222-2222-2222-2222-222222222201', '11111111-1111-1111-1111-111111111111');

-- 草津市 A様邸: 80%（4/5）標準チェックリスト
INSERT INTO tasks (site_id, organization_id, title, sort_order, is_completed, completed_by, completed_at) VALUES
  ('33333333-3333-3333-3333-333333333301', '11111111-1111-1111-1111-111111111111', '給水工事', 1, TRUE, '22222222-2222-2222-2222-222222222202', NOW() - INTERVAL '5 days'),
  ('33333333-3333-3333-3333-333333333301', '11111111-1111-1111-1111-111111111111', '排水工事', 2, TRUE, '22222222-2222-2222-2222-222222222202', NOW() - INTERVAL '4 days'),
  ('33333333-3333-3333-3333-333333333301', '11111111-1111-1111-1111-111111111111', 'トイレ設置', 3, TRUE, '22222222-2222-2222-2222-222222222203', NOW() - INTERVAL '2 days'),
  ('33333333-3333-3333-3333-333333333301', '11111111-1111-1111-1111-111111111111', '洗面台設置', 4, TRUE, '22222222-2222-2222-2222-222222222202', NOW() - INTERVAL '1 day'),
  ('33333333-3333-3333-3333-333333333301', '11111111-1111-1111-1111-111111111111', '配管確認', 5, FALSE, NULL, NULL);

-- 大津市 ○○マンション: 55%（6/11）
INSERT INTO tasks (site_id, organization_id, title, sort_order, is_completed, completed_by, completed_at) VALUES
  ('33333333-3333-3333-3333-333333333302', '11111111-1111-1111-1111-111111111111', '給水工事', 1, TRUE, '22222222-2222-2222-2222-222222222202', NOW() - INTERVAL '6 days'),
  ('33333333-3333-3333-3333-333333333302', '11111111-1111-1111-1111-111111111111', '排水工事', 2, TRUE, '22222222-2222-2222-2222-222222222202', NOW() - INTERVAL '5 days'),
  ('33333333-3333-3333-3333-333333333302', '11111111-1111-1111-1111-111111111111', 'トイレ設置', 3, TRUE, '22222222-2222-2222-2222-222222222203', NOW() - INTERVAL '4 days'),
  ('33333333-3333-3333-3333-333333333302', '11111111-1111-1111-1111-111111111111', '洗面台設置', 4, TRUE, '22222222-2222-2222-2222-222222222202', NOW() - INTERVAL '3 days'),
  ('33333333-3333-3333-3333-333333333302', '11111111-1111-1111-1111-111111111111', '配管確認', 5, TRUE, '22222222-2222-2222-2222-222222222203', NOW() - INTERVAL '2 days'),
  ('33333333-3333-3333-3333-333333333302', '11111111-1111-1111-1111-111111111111', '試運転', 6, TRUE, '22222222-2222-2222-2222-222222222203', NOW() - INTERVAL '1 day'),
  ('33333333-3333-3333-3333-333333333302', '11111111-1111-1111-1111-111111111111', '写真提出', 7, FALSE, NULL, NULL),
  ('33333333-3333-3333-3333-333333333302', '11111111-1111-1111-1111-111111111111', '最終清掃', 8, FALSE, NULL, NULL),
  ('33333333-3333-3333-3333-333333333302', '11111111-1111-1111-1111-111111111111', 'お客様確認', 9, FALSE, NULL, NULL),
  ('33333333-3333-3333-3333-333333333302', '11111111-1111-1111-1111-111111111111', '完了報告', 10, FALSE, NULL, NULL),
  ('33333333-3333-3333-3333-333333333302', '11111111-1111-1111-1111-111111111111', '書類提出', 11, FALSE, NULL, NULL);

-- 守山市 △△店舗: 20%（1/5）
INSERT INTO tasks (site_id, organization_id, title, sort_order, is_completed, completed_by, completed_at) VALUES
  ('33333333-3333-3333-3333-333333333303', '11111111-1111-1111-1111-111111111111', '給水工事', 1, TRUE, '22222222-2222-2222-2222-222222222203', NOW() - INTERVAL '2 days'),
  ('33333333-3333-3333-3333-333333333303', '11111111-1111-1111-1111-111111111111', '排水工事', 2, FALSE, NULL, NULL),
  ('33333333-3333-3333-3333-333333333303', '11111111-1111-1111-1111-111111111111', 'トイレ設置', 3, FALSE, NULL, NULL),
  ('33333333-3333-3333-3333-333333333303', '11111111-1111-1111-1111-111111111111', '洗面台設置', 4, FALSE, NULL, NULL),
  ('33333333-3333-3333-3333-333333333303', '11111111-1111-1111-1111-111111111111', '配管確認', 5, FALSE, NULL, NULL);

-- 本日の予定（6件）
INSERT INTO schedules (organization_id, site_id, worker_id, title, start_time, end_time) VALUES
  ('11111111-1111-1111-1111-111111111111', '33333333-3333-3333-3333-333333333301', '22222222-2222-2222-2222-222222222202', '配管確認', (CURRENT_DATE + TIME '08:00') AT TIME ZONE 'Asia/Tokyo', (CURRENT_DATE + TIME '10:00') AT TIME ZONE 'Asia/Tokyo'),
  ('11111111-1111-1111-1111-111111111111', '33333333-3333-3333-3333-333333333301', '22222222-2222-2222-2222-222222222201', '現場確認', (CURRENT_DATE + TIME '10:30') AT TIME ZONE 'Asia/Tokyo', (CURRENT_DATE + TIME '11:30') AT TIME ZONE 'Asia/Tokyo'),
  ('11111111-1111-1111-1111-111111111111', '33333333-3333-3333-3333-333333333302', '22222222-2222-2222-2222-222222222202', '給水工事', (CURRENT_DATE + TIME '09:00') AT TIME ZONE 'Asia/Tokyo', (CURRENT_DATE + TIME '12:00') AT TIME ZONE 'Asia/Tokyo'),
  ('11111111-1111-1111-1111-111111111111', '33333333-3333-3333-3333-333333333302', '22222222-2222-2222-2222-222222222203', '排水工事', (CURRENT_DATE + TIME '13:00') AT TIME ZONE 'Asia/Tokyo', (CURRENT_DATE + TIME '17:00') AT TIME ZONE 'Asia/Tokyo'),
  ('11111111-1111-1111-1111-111111111111', '33333333-3333-3333-3333-333333333303', '22222222-2222-2222-2222-222222222203', '排水工事', (CURRENT_DATE + TIME '08:30') AT TIME ZONE 'Asia/Tokyo', (CURRENT_DATE + TIME '12:30') AT TIME ZONE 'Asia/Tokyo'),
  ('11111111-1111-1111-1111-111111111111', '33333333-3333-3333-3333-333333333303', '22222222-2222-2222-2222-222222222201', '現場打合せ', (CURRENT_DATE + TIME '15:00') AT TIME ZONE 'Asia/Tokyo', (CURRENT_DATE + TIME '16:00') AT TIME ZONE 'Asia/Tokyo');
