-- Stark Works: デモ用シードデータ（建設会社向けデモ版）
-- 001〜004 のマイグレーション実行後に実行
-- ※ 本日の予定は CURRENT_DATE を使用するため、いつ実行してもデモ映えします
-- ※ 再実行時は下記 DELETE でリセットされます

DELETE FROM task_logs WHERE organization_id = '11111111-1111-1111-1111-111111111111';
DELETE FROM tasks WHERE organization_id = '11111111-1111-1111-1111-111111111111';
DELETE FROM schedules WHERE organization_id = '11111111-1111-1111-1111-111111111111';
DELETE FROM photos WHERE organization_id = '11111111-1111-1111-1111-111111111111';
DELETE FROM site_assignments WHERE organization_id = '11111111-1111-1111-1111-111111111111';
DELETE FROM sites WHERE organization_id = '11111111-1111-1111-1111-111111111111';
DELETE FROM workers WHERE organization_id = '11111111-1111-1111-1111-111111111111';

-- デモ組織
INSERT INTO organizations (id, name) VALUES
  ('11111111-1111-1111-1111-111111111111', 'スターク設備工業株式会社')
ON CONFLICT (id) DO NOTHING;

-- デモ作業員
INSERT INTO workers (id, organization_id, full_name, phone, email, position) VALUES
  ('22222222-2222-2222-2222-222222222201', '11111111-1111-1111-1111-111111111111', '山田 太郎', '090-1234-5678', 'yamada@stark.demo', '現場責任者'),
  ('22222222-2222-2222-2222-222222222202', '11111111-1111-1111-1111-111111111111', '佐藤 花子', '090-2345-6789', 'sato@stark.demo', '配管工'),
  ('22222222-2222-2222-2222-222222222203', '11111111-1111-1111-1111-111111111111', '鈴木 一郎', '090-3456-7890', 'suzuki@stark.demo', '電気工'),
  ('22222222-2222-2222-2222-222222222204', '11111111-1111-1111-1111-111111111111', '高橋 次郎', '090-4567-8901', 'takahashi@stark.demo', '設備工')
ON CONFLICT (id) DO NOTHING;

-- デモ現場（進捗ランキング用: 80% / 55% / 30%）
INSERT INTO sites (id, organization_id, name, customer_name, address, phone, start_date, expected_end_date, manager_id, status) VALUES
  ('33333333-3333-3333-3333-333333333301', '11111111-1111-1111-1111-111111111111', '田中邸 給排水工事', '田中 一郎', '東京都渋谷区神宮前1-1-1', '03-1234-5678', CURRENT_DATE - 7, CURRENT_DATE + 23, '22222222-2222-2222-2222-222222222201', 'in_progress'),
  ('33333333-3333-3333-3333-333333333302', '11111111-1111-1111-1111-111111111111', '佐藤マンション 空調設備', '佐藤不動産', '東京都新宿区西新宿2-2-2', '03-2345-6789', CURRENT_DATE - 3, CURRENT_DATE + 30, '22222222-2222-2222-2222-222222222201', 'in_progress'),
  ('33333333-3333-3333-3333-333333333304', '11111111-1111-1111-1111-111111111111', '高橋邸 リフォーム', '高橋 美咲', '東京都世田谷区成城3-3-3', '03-4567-8901', CURRENT_DATE - 5, CURRENT_DATE + 20, '22222222-2222-2222-2222-222222222204', 'in_progress'),
  ('33333333-3333-3333-3333-333333333305', '11111111-1111-1111-1111-111111111111', '伊藤ビル 配管工事', '伊藤建設', '東京都品川区大井4-4-4', '03-5678-9012', CURRENT_DATE - 2, CURRENT_DATE + 45, '22222222-2222-2222-2222-222222222202', 'in_progress'),
  ('33333333-3333-3333-3333-333333333303', '11111111-1111-1111-1111-111111111111', '鈴木ビル 電気工事', '鈴木商事', '東京都港区六本木5-5-5', '03-3456-7890', CURRENT_DATE - 30, CURRENT_DATE - 1, '22222222-2222-2222-2222-222222222203', 'completed')
ON CONFLICT (id) DO NOTHING;

-- 担当割当
INSERT INTO site_assignments (site_id, worker_id, organization_id) VALUES
  ('33333333-3333-3333-3333-333333333301', '22222222-2222-2222-2222-222222222201', '11111111-1111-1111-1111-111111111111'),
  ('33333333-3333-3333-3333-333333333301', '22222222-2222-2222-2222-222222222202', '11111111-1111-1111-1111-111111111111'),
  ('33333333-3333-3333-3333-333333333302', '22222222-2222-2222-2222-222222222201', '11111111-1111-1111-1111-111111111111'),
  ('33333333-3333-3333-3333-333333333302', '22222222-2222-2222-2222-222222222202', '11111111-1111-1111-1111-111111111111'),
  ('33333333-3333-3333-3333-333333333304', '22222222-2222-2222-2222-222222222204', '11111111-1111-1111-1111-111111111111'),
  ('33333333-3333-3333-3333-333333333305', '22222222-2222-2222-2222-222222222202', '11111111-1111-1111-1111-111111111111'),
  ('33333333-3333-3333-3333-333333333303', '22222222-2222-2222-2222-222222222203', '11111111-1111-1111-1111-111111111111')
ON CONFLICT DO NOTHING;

-- 作業チェックリスト
-- 田中邸: 80% (4/5)
INSERT INTO tasks (site_id, organization_id, title, sort_order, is_completed, completed_by, completed_at) VALUES
  ('33333333-3333-3333-3333-333333333301', '11111111-1111-1111-1111-111111111111', '給水工事', 1, TRUE, '22222222-2222-2222-2222-222222222202', NOW() - INTERVAL '5 days'),
  ('33333333-3333-3333-3333-333333333301', '11111111-1111-1111-1111-111111111111', '排水工事', 2, TRUE, '22222222-2222-2222-2222-222222222202', NOW() - INTERVAL '4 days'),
  ('33333333-3333-3333-3333-333333333301', '11111111-1111-1111-1111-111111111111', 'トイレ設置', 3, TRUE, '22222222-2222-2222-2222-222222222202', NOW() - INTERVAL '3 days'),
  ('33333333-3333-3333-3333-333333333301', '11111111-1111-1111-1111-111111111111', '洗面台設置', 4, TRUE, '22222222-2222-2222-2222-222222222202', NOW() - INTERVAL '1 day'),
  ('33333333-3333-3333-3333-333333333301', '11111111-1111-1111-1111-111111111111', '配管確認', 5, FALSE, NULL, NULL)
ON CONFLICT DO NOTHING;

-- 佐藤マンション: 55% (5/9)
INSERT INTO tasks (site_id, organization_id, title, sort_order, is_completed, completed_by, completed_at) VALUES
  ('33333333-3333-3333-3333-333333333302', '11111111-1111-1111-1111-111111111111', '現場調査', 1, TRUE, '22222222-2222-2222-2222-222222222201', NOW() - INTERVAL '2 days'),
  ('33333333-3333-3333-3333-333333333302', '11111111-1111-1111-1111-111111111111', '配管ルート確認', 2, TRUE, '22222222-2222-2222-2222-222222222201', NOW() - INTERVAL '2 days'),
  ('33333333-3333-3333-3333-333333333302', '11111111-1111-1111-1111-111111111111', '空調配管工事', 3, TRUE, '22222222-2222-2222-2222-222222222202', NOW() - INTERVAL '1 day'),
  ('33333333-3333-3333-3333-333333333302', '11111111-1111-1111-1111-111111111111', 'ドレン工事', 4, TRUE, '22222222-2222-2222-2222-222222222202', NOW() - INTERVAL '1 day'),
  ('33333333-3333-3333-3333-333333333302', '11111111-1111-1111-1111-111111111111', '室外機設置', 5, TRUE, '22222222-2222-2222-2222-222222222204', NOW()),
  ('33333333-3333-3333-3333-333333333302', '11111111-1111-1111-1111-111111111111', '電気配線', 6, FALSE, NULL, NULL),
  ('33333333-3333-3333-3333-333333333302', '11111111-1111-1111-1111-111111111111', '試運転', 7, FALSE, NULL, NULL),
  ('33333333-3333-3333-3333-333333333302', '11111111-1111-1111-1111-111111111111', '写真提出', 8, FALSE, NULL, NULL),
  ('33333333-3333-3333-3333-333333333302', '11111111-1111-1111-1111-111111111111', '完了確認', 9, FALSE, NULL, NULL)
ON CONFLICT DO NOTHING;

-- 高橋邸: 55% (6/11) → 約55%
INSERT INTO tasks (site_id, organization_id, title, sort_order, is_completed, completed_by, completed_at) VALUES
  ('33333333-3333-3333-3333-333333333304', '11111111-1111-1111-1111-111111111111', '解体工事', 1, TRUE, '22222222-2222-2222-2222-222222222204', NOW() - INTERVAL '4 days'),
  ('33333333-3333-3333-3333-333333333304', '11111111-1111-1111-1111-111111111111', '給排水配管', 2, TRUE, '22222222-2222-2222-2222-222222222202', NOW() - INTERVAL '3 days'),
  ('33333333-3333-3333-3333-333333333304', '11111111-1111-1111-1111-111111111111', 'キッチン設置', 3, TRUE, '22222222-2222-2222-2222-222222222204', NOW() - INTERVAL '2 days'),
  ('33333333-3333-3333-3333-333333333304', '11111111-1111-1111-1111-111111111111', '浴室設置', 4, TRUE, '22222222-2222-2222-2222-222222222204', NOW() - INTERVAL '1 day'),
  ('33333333-3333-3333-3333-333333333304', '11111111-1111-1111-1111-111111111111', '内装仕上げ', 5, TRUE, '22222222-2222-2222-2222-222222222204', NOW()),
  ('33333333-3333-3333-3333-333333333304', '11111111-1111-1111-1111-111111111111', '設備接続', 6, TRUE, '22222222-2222-2222-2222-222222222202', NOW()),
  ('33333333-3333-3333-3333-333333333304', '11111111-1111-1111-1111-111111111111', '通水試験', 7, FALSE, NULL, NULL),
  ('33333333-3333-3333-3333-333333333304', '11111111-1111-1111-1111-111111111111', '最終清掃', 8, FALSE, NULL, NULL),
  ('33333333-3333-3333-3333-333333333304', '11111111-1111-1111-1111-111111111111', '写真提出', 9, FALSE, NULL, NULL),
  ('33333333-3333-3333-3333-333333333304', '11111111-1111-1111-1111-111111111111', 'お客様確認', 10, FALSE, NULL, NULL),
  ('33333333-3333-3333-3333-333333333304', '11111111-1111-1111-1111-111111111111', '完了報告', 11, FALSE, NULL, NULL)
ON CONFLICT DO NOTHING;

-- 伊藤ビル: 30% (3/10)
INSERT INTO tasks (site_id, organization_id, title, sort_order, is_completed, completed_by, completed_at) VALUES
  ('33333333-3333-3333-3333-333333333305', '11111111-1111-1111-1111-111111111111', '現場養生', 1, TRUE, '22222222-2222-2222-2222-222222222202', NOW() - INTERVAL '1 day'),
  ('33333333-3333-3333-3333-333333333305', '11111111-1111-1111-1111-111111111111', '配管撤去', 2, TRUE, '22222222-2222-2222-2222-222222222202', NOW()),
  ('33333333-3333-3333-3333-333333333305', '11111111-1111-1111-1111-111111111111', '新規配管', 3, TRUE, '22222222-2222-2222-2222-222222222202', NOW()),
  ('33333333-3333-3333-3333-333333333305', '11111111-1111-1111-1111-111111111111', '給水工事', 4, FALSE, NULL, NULL),
  ('33333333-3333-3333-3333-333333333305', '11111111-1111-1111-1111-111111111111', '排水工事', 5, FALSE, NULL, NULL),
  ('33333333-3333-3333-3333-333333333305', '11111111-1111-1111-1111-111111111111', 'バルブ設置', 6, FALSE, NULL, NULL),
  ('33333333-3333-3333-3333-333333333305', '11111111-1111-1111-1111-111111111111', '圧力試験', 7, FALSE, NULL, NULL),
  ('33333333-3333-3333-3333-333333333305', '11111111-1111-1111-1111-111111111111', '保温工事', 8, FALSE, NULL, NULL),
  ('33333333-3333-3333-3333-333333333305', '11111111-1111-1111-1111-111111111111', '写真提出', 9, FALSE, NULL, NULL),
  ('33333333-3333-3333-3333-333333333305', '11111111-1111-1111-1111-111111111111', '完了確認', 10, FALSE, NULL, NULL)
ON CONFLICT DO NOTHING;

-- 本日の予定（CURRENT_DATE 使用 → いつでもデモ映え）
DELETE FROM schedules WHERE organization_id = '11111111-1111-1111-1111-111111111111';

INSERT INTO schedules (organization_id, site_id, worker_id, title, start_time, end_time) VALUES
  ('11111111-1111-1111-1111-111111111111', '33333333-3333-3333-3333-333333333301', '22222222-2222-2222-2222-222222222202', '給水工事', (CURRENT_DATE + TIME '08:00') AT TIME ZONE 'Asia/Tokyo', (CURRENT_DATE + TIME '12:00') AT TIME ZONE 'Asia/Tokyo'),
  ('11111111-1111-1111-1111-111111111111', '33333333-3333-3333-3333-333333333302', '22222222-2222-2222-2222-222222222202', '排水工事', (CURRENT_DATE + TIME '13:00') AT TIME ZONE 'Asia/Tokyo', (CURRENT_DATE + TIME '17:00') AT TIME ZONE 'Asia/Tokyo'),
  ('11111111-1111-1111-1111-111111111111', '33333333-3333-3333-3333-333333333304', '22222222-2222-2222-2222-222222222204', '通水試験', (CURRENT_DATE + TIME '09:00') AT TIME ZONE 'Asia/Tokyo', (CURRENT_DATE + TIME '11:00') AT TIME ZONE 'Asia/Tokyo'),
  ('11111111-1111-1111-1111-111111111111', '33333333-3333-3333-3333-333333333305', '22222222-2222-2222-2222-222222222201', '現場確認', (CURRENT_DATE + TIME '14:00') AT TIME ZONE 'Asia/Tokyo', (CURRENT_DATE + TIME '15:00') AT TIME ZONE 'Asia/Tokyo');
